{
  "output_type": "enzywizard_energy",
  "energy_terms": {
    "total_potential_energy": -27750.315211560985,
    "harmonic_bond_force": 1196.5070575251723,
    "harmonic_angle_force": 3188.63339367523,
    "custom_bond_force": 2360.1597038254567,
    "custom_torsion_force": 149.90284933132605,
    "custom_nonbonded_force": -7933.69731996581,
    "nonbonded_force": -35664.976859716866,
    "periodic_torsion_force": 9550.118419675553,
    "cmap_torsion_force": -596.9624559110534
  }
}