{
  "output_type": "enzywizard_energy",
  "energy_terms": {
    "total_potential_energy": -27850.25057855223,
    "harmonic_bond_force": 1199.3069036847498,
    "harmonic_angle_force": 3236.4333940997626,
    "custom_bond_force": 2346.4929130249325,
    "custom_torsion_force": 161.28230185618054,
    "custom_nonbonded_force": -7882.684775575995,
    "nonbonded_force": -35942.92138979711,
    "periodic_torsion_force": 9588.879228708676,
    "cmap_torsion_force": -557.0391545534249
  }
}